Ботинки PANDA САНИТАРИ 3916 S1 SRC бел.;37;1
Ботинки PANDA САНИТАРИ 3916 S1 SRC бел.;40;3
Ботинки PANDA САНИТАРИ 3916 S1 SRC бел.;41;1
Ботинки PANDA САНИТАРИ 3916 S1 SRC бел.;42;2
Ботинки PANDA САНИТАРИ 3916 S1 SRC бел.;43;4
Ботинки PANDA САНИТАРИ 3916 S1 SRC бел.;44;1
Ботинки PANDA САНИТАРИ 3916 S1 SRC бел.;45;2
Ботинки СВАРЩИК ут М.1398 ЗП;39;1
Ботинки СВАРЩИК ут М.1398 ЗП;40;0
Ботинки СВАРЩИК ут М.1398 ЗП;41;1
Ботинки СВАРЩИК ут М.1398 ЗП;42;6
Ботинки СВАРЩИК ут М.1398 ЗП;43;8
Ботинки СВАРЩИК ут М.1398 ЗП;44;3
Ботинки СВАРЩИК ут М.1398 ЗП;45;0
Ботинки СВАРЩИК ут М.1398 ЗП;47;1